Cifras oficiales de población resultantes de la revisión del Padrón municipal a 1 de enero;;;;;;;;;;;;;;;;;;;;;;;;;;;;;;;;;;;;;;;;;;;;;;;;;;;;;;;;;;;;;;;;;;;;;
Detalle municipal;;;;;;;;;;;;;;;;;;;;;;;;;;;;;;;;;;;;;;;;;;;;;;;;;;;;;;;;;;;;;;;;;;;;;
;;;;;;;;;;;;;;;;;;;;;;;;;;;;;;;;;;;;;;;;;;;;;;;;;;;;;;;;;;;;;;;;;;;;;
Granada: Población por municipios y sexo. ;;;;;;;;;;;;;;;;;;;;;;;;;;;;;;;;;;;;;;;;;;;;;;;;;;;;;;;;;;;;;;;;;;;;;
Unidades:   Personas;;;;;;;;;;;;;;;;;;;;;;;;;;;;;;;;;;;;;;;;;;;;;;;;;;;;;;;;;;;;;;;;;;;;;
;;;;;;;;;;;;;;;;;;;;;;;;;;;;;;;;;;;;;;;;;;;;;;;;;;;;;;;;;;;;;;;;;;;;;
 ;Total;;;;;;;;;;;;;;;;;;;;;;;Hombres;;;;;;;;;;;;;;;;;;;;;;;Mujeres;;;;;;;;;;;;;;;;;;;;;;
 ;2018;2017;2016;2015;2014;2013;2012;2011;2010;2009;2008;2007;2006;2005;2004;2003;2002;2001;2000;1999;1998;1997;1996;2018;2017;2016;2015;2014;2013;2012;2011;2010;2009;2008;2007;2006;2005;2004;2003;2002;2001;2000;1999;1998;1997;1996;2018;2017;2016;2015;2014;2013;2012;2011;2010;2009;2008;2007;2006;2005;2004;2003;2002;2001;2000;1999;1998;1997;1996
18 Granada;912.075;912.938;915.392;917.297;919.455;919.319;922.928;924.550;918.072;907.428;901.220;884.099;876.184;860.898;841.687;828.107;818.959;812.637;809.004;813.061;801.177; ;808.053;449.318;449.821;451.148;451.907;453.407;453.670;456.216;457.084;453.734;448.784;447.280;437.782;433.320;424.718;414.472;407.293;402.121;398.272;395.659;397.751;391.867; ;395.509;462.757;463.117;464.244;465.390;466.048;465.649;466.712;467.466;464.338;458.644;453.940;446.317;442.864;436.180;427.215;420.814;416.838;414.365;413.345;415.310;409.310; ;412.544
18001 Agrón;288;290;297;310;313;324;342;330;340;358;381;374;283;301;320;344;354;380;392;415;425; ;440;141;146;149;157;162;168;185;182;178;182;199;190;150;158;169;180;181;192;202;214;222; ;228;147;144;148;153;151;156;157;148;162;176;182;184;133;143;151;164;173;188;190;201;203; ;212
18002 Alamedilla;599;606;611;637;658;695;673;704;699;721;757;777;785;811;830;843;864;871;898;947;953; ;1.007;307;310;314;331;341;355;347;364;359;364;391;397;396;409;419;428;435;436;455;480;483; ;508;292;296;297;306;317;340;326;340;340;357;366;380;389;402;411;415;429;435;443;467;470; ;499
18003 Albolote;18.746;18.660;18.497;18.464;18.306;18.082;18.088;17.892;17.637;17.089;16.879;16.450;15.978;15.563;14.862;14.106;13.725;13.350;13.048;12.916;12.693; ;12.455;9.329;9.288;9.219;9.210;9.151;9.038;9.084;8.956;8.846;8.583;8.485;8.266;8.052;7.838;7.504;7.116;6.916;6.698;6.546;6.497;6.357; ;6.259;9.417;9.372;9.278;9.254;9.155;9.044;9.004;8.936;8.791;8.506;8.394;8.184;7.926;7.725;7.358;6.990;6.809;6.652;6.502;6.419;6.336; ;6.196
18004 Albondón;729;745;762;782;797;814;889;905;883;871;921;915;914;929;941;967;986;989;996;1.060;1.060; ;1.192;403;411;419;437;444;445;508;509;493;485;518;500;499;493;486;491;500;499;495;520;520; ;588;326;334;343;345;353;369;381;396;390;386;403;415;415;436;455;476;486;490;501;540;540; ;604
18005 Albuñán;415;418;421;420;430;423;430;431;429;436;435;441;448;462;458;446;455;460;474;478;486; ;509;214;219;221;218;222;220;226;229;224;232;228;229;229;233;228;221;225;228;237;239;243; ;256;201;199;200;202;208;203;204;202;205;204;207;212;219;229;230;225;230;232;237;239;243; ;253
18006 Albuñol;7.128;6.998;6.971;6.948;6.853;6.878;6.587;6.686;6.704;6.704;6.459;6.190;6.270;6.215;6.054;5.939;5.693;5.536;5.462;5.547;5.482; ;5.566;3.879;3.742;3.698;3.677;3.598;3.607;3.449;3.521;3.508;3.480;3.390;3.247;3.345;3.232;3.102;3.034;2.917;2.792;2.733;2.777;2.749; ;2.782;3.249;3.256;3.273;3.271;3.255;3.271;3.138;3.165;3.196;3.224;3.069;2.943;2.925;2.983;2.952;2.905;2.776;2.744;2.729;2.770;2.733; ;2.784
18007 Albuñuelas;830;836;876;893;889;879;920;956;982;1.015;1.037;1.063;1.070;1.102;1.100;1.149;1.175;1.180;1.215;1.249;1.258; ;1.329;419;419;442;451;447;441;467;483;501;519;531;549;552;569;564;585;606;607;632;642;649; ;678;411;417;434;442;442;438;453;473;481;496;506;514;518;533;536;564;569;573;583;607;609; ;651
18010 Aldeire;628;635;639;631;644;653;670;677;696;707;701;730;727;735;747;753;757;773;785;786;789; ;788;331;338;343;334;339;345;349;349;357;356;360;371;370;373;377;380;387;393;398;397;400; ;400;297;297;296;297;305;308;321;328;339;351;341;359;357;362;370;373;370;380;387;389;389; ;388
18011 Alfacar;5.378;5.440;5.429;5.445;5.490;5.552;5.513;5.508;5.444;5.401;5.401;5.316;5.178;5.107;4.766;4.525;4.424;4.351;4.300;4.333;4.255; ;4.211;2.735;2.777;2.779;2.763;2.794;2.818;2.790;2.810;2.776;2.749;2.784;2.737;2.654;2.605;2.431;2.321;2.264;2.217;2.179;2.206;2.154; ;2.138;2.643;2.663;2.650;2.682;2.696;2.734;2.723;2.698;2.668;2.652;2.617;2.579;2.524;2.502;2.335;2.204;2.160;2.134;2.121;2.127;2.101; ;2.073
18012 Algarinejo;2.591;2.677;2.734;2.813;2.875;2.943;3.029;3.413;3.552;3.705;3.817;3.957;4.078;4.184;4.268;4.335;4.751;4.801;5.269;5.265;5.269; ;5.323;1.333;1.374;1.405;1.445;1.471;1.507;1.547;1.734;1.792;1.880;1.954;2.019;2.086;2.144;2.183;2.212;2.406;2.435;2.701;2.699;2.693; ;2.721;1.258;1.303;1.329;1.368;1.404;1.436;1.482;1.679;1.760;1.825;1.863;1.938;1.992;2.040;2.085;2.123;2.345;2.366;2.568;2.566;2.576; ;2.602
18013 Alhama de Granada;5.980;5.981;6.044;6.126;6.191;6.154;6.214;6.188;6.097;6.062;6.035;6.016;6.137;6.184;6.076;6.074;6.028;5.952;5.927;5.934;5.894; ;5.983;3.201;3.185;3.238;3.289;3.299;3.266;3.313;3.279;3.197;3.171;3.138;3.143;3.237;3.266;3.132;3.129;3.079;3.023;2.986;2.965;2.949; ;3.010;2.779;2.796;2.806;2.837;2.892;2.888;2.901;2.909;2.900;2.891;2.897;2.873;2.900;2.918;2.944;2.945;2.949;2.929;2.941;2.969;2.945; ;2.973
18014 Alhendín;9.168;8.928;8.740;8.503;8.306;8.020;7.746;7.362;6.934;6.298;6.108;5.755;5.579;5.200;4.729;4.506;4.395;4.303;4.224;4.223;4.157; ;4.107;4.630;4.503;4.417;4.333;4.256;4.127;3.986;3.810;3.587;3.265;3.175;2.971;2.874;2.665;2.419;2.301;2.234;2.182;2.141;2.124;2.098; ;2.061;4.538;4.425;4.323;4.170;4.050;3.893;3.760;3.552;3.347;3.033;2.933;2.784;2.705;2.535;2.310;2.205;2.161;2.121;2.083;2.099;2.059; ;2.046
18015 Alicún de Ortega;475;495;511;523;529;506;500;528;520;526;539;555;561;563;586;609;637;652;672;719;727; ;783;235;248;261;273;272;263;272;287;283;283;289;295;300;298;310;326;338;343;356;380;389; ;406;240;247;250;250;257;243;228;241;237;243;250;260;261;265;276;283;299;309;316;339;338; ;377
18016 Almegíjar;346;362;377;376;361;377;413;427;401;392;409;412;421;435;445;405;396;414;427;420;430; ;430;186;199;208;207;204;206;222;229;211;202;212;214;213;216;224;205;205;213;219;213;217; ;217;160;163;169;169;157;171;191;198;190;190;197;198;208;219;221;200;191;201;208;207;213; ;213
18017 Almuñécar;26.377;27.135;27.397;27.391;27.195;25.586;27.703;27.754;27.703;27.696;27.544;27.076;26.264;24.713;23.073;23.378;22.030;21.623;21.275;21.170;20.997; ;21.472;13.032;13.452;13.589;13.558;13.452;12.605;13.708;13.729;13.681;13.677;13.662;13.374;12.959;12.174;11.397;11.564;10.865;10.673;10.498;10.444;10.367; ;10.561;13.345;13.683;13.808;13.833;13.743;12.981;13.995;14.025;14.022;14.019;13.882;13.702;13.305;12.539;11.676;11.814;11.165;10.950;10.777;10.726;10.630; ;10.911
18904 Alpujarra de la Sierra;978;1.021;1.038;1.041;1.065;1.044;1.132;1.141;1.119;1.153;1.163;1.168;1.142;1.174;1.175;1.147;1.164;1.175;1.191;1.221;1.204; ;1.219;550;570;566;559;563;552;600;607;590;599;601;600;590;605;609;590;597;591;598;619;613; ;619;428;451;472;482;502;492;532;534;529;554;562;568;552;569;566;557;567;584;593;602;591; ;600
18018 Alquife;624;665;703;718;701;733;712;738;692;718;760;823;788;780;828;840;836;867;897;930;962; ;1.018;311;330;351;358;347;365;354;365;337;354;388;439;400;389;412;421;416;431;451;465;474; ;507;313;335;352;360;354;368;358;373;355;364;372;384;388;391;416;419;420;436;446;465;488; ;511
18020 Arenas del Rey;1.178;1.179;1.231;1.865;1.913;1.929;2.038;1.981;2.029;2.071;2.111;2.157;2.202;2.157;1.979;1.976;2.017;1.937;1.979;2.043;2.028; ;2.065;613;597;627;963;1.003;1.012;1.080;1.056;1.069;1.084;1.112;1.122;1.157;1.138;1.036;1.022;1.052;1.006;1.033;1.068;1.048; ;1.064;565;582;604;902;910;917;958;925;960;987;999;1.035;1.045;1.019;943;954;965;931;946;975;980; ;1.001
18021 Armilla;23.968;24.028;23.901;23.623;23.175;22.904;22.507;22.283;21.895;21.380;20.882;20.115;19.667;18.385;16.938;16.524;15.695;14.778;14.030;13.706;13.211; ;12.859;11.936;12.029;12.016;11.828;11.575;11.419;11.244;11.175;11.018;10.836;10.849;10.383;10.096;9.290;8.450;8.188;7.777;7.294;6.927;6.765;6.511; ;6.343;12.032;11.999;11.885;11.795;11.600;11.485;11.263;11.108;10.877;10.544;10.033;9.732;9.571;9.095;8.488;8.336;7.918;7.484;7.103;6.941;6.700; ;6.516
18022 Atarfe;18.554;18.392;18.092;17.792;17.570;17.141;16.843;16.432;15.945;15.399;14.803;14.144;13.431;12.919;12.355;11.680;11.500;11.245;10.975;11.220;10.477; ;10.516;9.254;9.189;9.011;8.852;8.744;8.546;8.430;8.250;8.007;7.787;7.474;7.073;6.695;6.423;6.117;5.779;5.695;5.566;5.430;5.552;5.173; ;5.166;9.300;9.203;9.081;8.940;8.826;8.595;8.413;8.182;7.938;7.612;7.329;7.071;6.736;6.496;6.238;5.901;5.805;5.679;5.545;5.668;5.304; ;5.350
18023 Baza;20.519;20.642;20.656;20.668;20.644;21.258;21.407;22.092;21.982;23.359;23.287;22.718;22.581;22.220;21.600;21.209;20.926;20.954;20.818;21.336;20.113; ;20.685;10.210;10.257;10.284;10.280;10.240;10.586;10.689;11.093;11.031;11.672;11.651;11.379;11.256;11.043;10.711;10.507;10.366;10.345;10.261;10.465;9.838; ;10.140;10.309;10.385;10.372;10.388;10.404;10.672;10.718;10.999;10.951;11.687;11.636;11.339;11.325;11.177;10.889;10.702;10.560;10.609;10.557;10.871;10.275; ;10.545
18024 Beas de Granada;985;1.000;1.004;1.012;1.005;1.016;1.031;1.023;1.035;1.050;1.085;1.087;1.092;1.069;1.065;1.061;987;973;968;990;959; ;1.007;518;532;542;549;541;543;554;548;557;560;574;576;580;565;569;563;524;512;505;517;501; ;524;467;468;462;463;464;473;477;475;478;490;511;511;512;504;496;498;463;461;463;473;458; ;483
18025 Beas de Guadix;340;345;354;363;364;366;380;385;396;378;376;379;374;377;367;351;347;363;375;384;389; ;397;171;172;177;184;184;186;194;199;205;196;195;193;190;189;185;179;176;187;195;203;205; ;210;169;173;177;179;180;180;186;186;191;182;181;186;184;188;182;172;171;176;180;181;184; ;187
18027 Benalúa;3.285;3.286;3.277;3.298;3.296;3.301;3.351;3.370;3.368;3.326;3.351;3.300;3.311;3.288;3.222;3.239;3.210;3.164;3.241;3.327;3.339; ;3.357;1.636;1.637;1.631;1.644;1.649;1.656;1.680;1.685;1.681;1.657;1.672;1.645;1.645;1.632;1.609;1.613;1.598;1.583;1.627;1.667;1.663; ;1.683;1.649;1.649;1.646;1.654;1.647;1.645;1.671;1.685;1.687;1.669;1.679;1.655;1.666;1.656;1.613;1.626;1.612;1.581;1.614;1.660;1.676; ;1.674
18028 Benalúa de las Villas;1.065;1.083;1.107;1.148;1.163;1.252;1.375;1.381;1.414;1.434;1.461;1.352;1.352;1.391;1.377;1.366;1.399;1.445;1.450;1.473;1.379; ;1.394;551;570;581;602;614;680;778;776;783;792;819;698;688;708;691;680;704;718;721;727;686; ;691;514;513;526;546;549;572;597;605;631;642;642;654;664;683;686;686;695;727;729;746;693; ;703
18029 Benamaurel;2.297;2.337;2.359;2.378;2.414;2.445;2.447;2.471;2.458;2.417;2.397;2.382;2.328;2.323;2.319;2.346;2.337;2.378;2.410;2.420;2.431; ;2.507;1.155;1.177;1.203;1.210;1.238;1.243;1.246;1.243;1.234;1.217;1.225;1.199;1.176;1.172;1.179;1.181;1.187;1.210;1.227;1.220;1.228; ;1.283;1.142;1.160;1.156;1.168;1.176;1.202;1.201;1.228;1.224;1.200;1.172;1.183;1.152;1.151;1.140;1.165;1.150;1.168;1.183;1.200;1.203; ;1.224
18030 Bérchules;719;715;727;739;762;759;835;828;822;820;836;852;811;807;788;769;785;773;789;814;808; ;871;387;385;387;394;400;401;453;441;442;438;445;452;432;428;415;411;414;408;417;430;425; ;463;332;330;340;345;362;358;382;387;380;382;391;400;379;379;373;358;371;365;372;384;383; ;408
18032 Bubión;302;301;294;309;315;337;335;343;350;358;361;373;366;355;347;357;364;367;378;372;376; ;393;158;151;148;159;161;177;174;181;181;187;194;200;194;186;181;184;190;185;186;180;182; ;191;144;150;146;150;154;160;161;162;169;171;167;173;172;169;166;173;174;182;192;192;194; ;202
18033 Busquístar;279;278;276;289;296;265;292;306;298;311;317;334;348;364;352;368;349;357;363;370;349; ;378;146;145;146;155;157;143;159;171;163;172;174;183;192;199;191;203;192;191;196;202;189; ;205;133;133;130;134;139;122;133;135;135;139;143;151;156;165;161;165;157;166;167;168;160; ;173
18034 Cacín;578;587;594;589;594;601;590;609;618;633;626;647;685;697;712;753;768;788;796;836;820; ;835;292;299;299;298;300;300;290;302;307;317;315;326;345;348;354;383;385;395;399;419;414; ;423;286;288;295;291;294;301;300;307;311;316;311;321;340;349;358;370;383;393;397;417;406; ;412
18035 Cádiar;1.469;1.486;1.528;1.554;1.545;1.515;1.632;1.652;1.637;1.634;1.642;1.671;1.621;1.601;1.567;1.636;1.523;1.567;1.588;1.650;1.703; ;1.754;768;785;803;808;810;801;874;879;865;859;867;874;843;814;802;844;780;811;820;852;883; ;909;701;701;725;746;735;714;758;773;772;775;775;797;778;787;765;792;743;756;768;798;820; ;845
18036 Cájar;5.070;5.054;5.025;4.909;4.929;4.837;4.741;4.714;4.690;4.596;4.437;4.318;4.139;4.051;3.838;3.653;3.336;3.249;3.239;3.243;2.828; ;2.768;2.445;2.440;2.420;2.383;2.388;2.330;2.291;2.264;2.265;2.227;2.169;2.112;2.029;1.982;1.861;1.767;1.608;1.566;1.545;1.543;1.322; ;1.307;2.625;2.614;2.605;2.526;2.541;2.507;2.450;2.450;2.425;2.369;2.268;2.206;2.110;2.069;1.977;1.886;1.728;1.683;1.694;1.700;1.506; ;1.461
18114 Calahorra, La;661;673;700;719;748;754;765;797;806;800;760;752;766;798;813;816;793;841;888;931;927; ;957;330;337;350;359;375;379;389;412;413;408;397;387;396;411;415;414;398;417;436;454;455; ;473;331;336;350;360;373;375;376;385;393;392;363;365;370;387;398;402;395;424;452;477;472; ;484
18037 Calicasas;609;619;619;606;583;564;571;581;555;564;589;575;565;568;558;563;567;572;586;599;602; ;624;305;309;308;295;287;292;291;293;281;279;299;289;290;288;282;280;287;287;294;303;304; ;317;304;310;311;311;296;272;280;288;274;285;290;286;275;280;276;283;280;285;292;296;298; ;307
18038 Campotéjar;1.253;1.271;1.286;1.301;1.317;1.334;1.362;1.380;1.418;1.420;1.418;1.400;1.467;1.441;1.408;1.402;1.424;1.431;1.444;1.447;1.452; ;1.440;643;652;665;676;682;691;712;715;725;724;729;730;773;758;737;725;729;729;738;731;738; ;728;610;619;621;625;635;643;650;665;693;696;689;670;694;683;671;677;695;702;706;716;714; ;712
18039 Caniles;4.060;4.179;4.279;4.351;4.514;4.722;4.755;4.846;4.905;4.955;4.956;4.930;4.897;4.849;4.782;4.668;4.726;4.796;4.886;5.116;5.116; ;5.303;2.085;2.134;2.185;2.206;2.295;2.386;2.402;2.447;2.476;2.502;2.501;2.486;2.461;2.436;2.380;2.308;2.330;2.368;2.404;2.498;2.498; ;2.598;1.975;2.045;2.094;2.145;2.219;2.336;2.353;2.399;2.429;2.453;2.455;2.444;2.436;2.413;2.402;2.360;2.396;2.428;2.482;2.618;2.618; ;2.705
18040 Cáñar;343;348;379;405;408;462;468;418;412;429;422;395;365;366;339;345;329;347;340;325;305; ;314;184;196;205;209;214;247;247;213;214;224;223;205;197;192;177;175;162;170;162;155;148; ;150;159;152;174;196;194;215;221;205;198;205;199;190;168;174;162;170;167;177;178;170;157; ;164
18042 Capileira;558;559;520;508;496;484;528;537;541;554;559;560;564;582;578;570;564;516;524;560;560; ;572;278;285;258;249;246;242;267;271;276;281;285;282;282;287;287;282;279;250;252;272;272; ;279;280;274;262;259;250;242;261;266;265;273;274;278;282;295;291;288;285;266;272;288;288; ;293
18043 Carataunas;178;179;178;210;209;162;188;200;195;192;197;203;200;198;204;202;201;195;196;190;191; ;203;96;99;97;113;110;84;97;102;97;94;93;92;96;99;103;104;104;102;101;98;99; ;105;82;80;81;97;99;78;91;98;98;98;104;111;104;99;101;98;97;93;95;92;92; ;98
18044 Cástaras;244;244;244;250;242;256;274;277;282;268;266;273;259;251;249;262;273;289;291;310;314; ;328;144;149;148;153;145;150;157;155;157;146;137;140;133;131;131;136;140;150;153;166;166; ;168;100;95;96;97;97;106;117;122;125;122;129;133;126;120;118;126;133;139;138;144;148; ;160
18045 Castilléjar;1.337;1.344;1.389;1.400;1.487;1.542;1.564;1.553;1.580;1.584;1.624;1.600;1.619;1.606;1.608;1.617;1.658;1.712;1.760;1.859;2.114; ;2.120;692;698;731;735;765;788;796;776;784;785;810;798;808;790;781;785;808;843;855;916;1.045; ;1.055;645;646;658;665;722;754;768;777;796;799;814;802;811;816;827;832;850;869;905;943;1.069; ;1.065
18046 Castril;2.124;2.193;2.236;2.276;2.290;2.335;2.378;2.402;2.451;2.465;2.523;2.571;2.581;2.565;2.561;2.569;2.656;2.750;2.883;3.093;2.848; ;3.067;1.098;1.120;1.140;1.159;1.168;1.189;1.212;1.231;1.249;1.254;1.298;1.320;1.321;1.310;1.311;1.307;1.345;1.407;1.470;1.578;1.448; ;1.570;1.026;1.073;1.096;1.117;1.122;1.146;1.166;1.171;1.202;1.211;1.225;1.251;1.260;1.255;1.250;1.262;1.311;1.343;1.413;1.515;1.400; ;1.497
18047 Cenes de la Vega;7.928;7.897;7.866;7.942;7.943;7.958;7.900;7.771;7.085;6.501;6.458;6.363;6.341;6.372;6.095;5.882;5.676;5.498;5.193;5.043;4.515; ;4.006;3.969;3.971;3.968;4.007;4.005;4.030;4.021;3.983;3.642;3.353;3.349;3.313;3.275;3.292;3.137;3.019;2.889;2.804;2.647;2.584;2.301; ;2.037;3.959;3.926;3.898;3.935;3.938;3.928;3.879;3.788;3.443;3.148;3.109;3.050;3.066;3.080;2.958;2.863;2.787;2.694;2.546;2.459;2.214; ;1.969
18059 Chauchina;5.546;5.490;5.421;5.428;5.499;5.411;4.813;4.768;4.760;4.778;4.707;4.537;4.476;4.365;4.315;4.251;4.206;4.148;4.124;4.138;4.058; ;3.969;2.741;2.715;2.694;2.696;2.739;2.677;2.385;2.374;2.369;2.396;2.365;2.282;2.251;2.201;2.166;2.119;2.083;2.046;2.032;2.049;1.995; ;1.959;2.805;2.775;2.727;2.732;2.760;2.734;2.428;2.394;2.391;2.382;2.342;2.255;2.225;2.164;2.149;2.132;2.123;2.102;2.092;2.089;2.063; ;2.010
18061 Chimeneas;1.291;1.326;1.355;1.360;1.387;1.446;1.456;1.485;1.520;1.507;1.499;1.467;1.456;1.485;1.481;1.493;1.511;1.510;1.518;1.537;1.537; ;1.549;673;702;714;719;729;751;762;777;799;795;789;767;763;767;751;758;771;768;772;770;770; ;777;618;624;641;641;658;695;694;708;721;712;710;700;693;718;730;735;740;742;746;767;767; ;772
18062 Churriana de la Vega;14.851;14.556;14.215;13.907;13.652;13.407;13.118;12.902;12.448;12.001;11.162;10.228;9.406;8.679;8.230;7.948;7.701;7.563;7.056;6.669;6.435; ;6.458;7.407;7.233;7.048;6.919;6.814;6.683;6.554;6.431;6.243;5.989;5.581;5.130;4.682;4.295;4.065;3.912;3.799;3.733;3.478;3.293;3.186; ;3.191;7.444;7.323;7.167;6.988;6.838;6.724;6.564;6.471;6.205;6.012;5.581;5.098;4.724;4.384;4.165;4.036;3.902;3.830;3.578;3.376;3.249; ;3.267
18048 Cijuela;3.243;3.228;3.201;3.221;3.209;3.145;3.098;3.086;2.993;2.857;2.665;2.455;2.307;2.009;1.855;1.758;1.670;1.573;1.537;1.522;1.523; ;1.495;1.657;1.633;1.620;1.640;1.633;1.592;1.587;1.575;1.529;1.463;1.378;1.267;1.192;1.028;972;926;863;797;762;748;747; ;739;1.586;1.595;1.581;1.581;1.576;1.553;1.511;1.511;1.464;1.394;1.287;1.188;1.115;981;883;832;807;776;775;774;776; ;756
18049 Cogollos de Guadix;656;659;674;718;664;689;718;747;716;715;726;710;721;741;721;711;737;749;746;774;768; ;798;362;366;372;390;361;374;384;402;387;380;387;367;378;391;381;373;386;383;388;402;402; ;418;294;293;302;328;303;315;334;345;329;335;339;343;343;350;340;338;351;366;358;372;366; ;380
18050 Cogollos de la Vega;2.044;2.089;2.096;2.099;2.043;2.016;1.983;2.029;2.068;2.083;2.099;2.068;2.095;2.076;1.935;1.957;1.980;1.998;1.972;2.020;2.020; ;2.035;1.018;1.041;1.042;1.045;1.025;1.011;1.003;1.020;1.050;1.066;1.073;1.057;1.075;1.075;1.006;1.020;1.020;1.026;1.006;1.028;1.028; ;1.027;1.026;1.048;1.054;1.054;1.018;1.005;980;1.009;1.018;1.017;1.026;1.011;1.020;1.001;929;937;960;972;966;992;992; ;1.008
18051 Colomera;1.350;1.376;1.395;1.416;1.431;1.453;1.468;1.507;1.545;1.568;1.594;1.588;1.570;1.498;1.567;1.591;1.614;1.618;1.610;1.664;1.692; ;1.708;706;717;730;746;749;764;781;806;815;825;839;838;820;774;815;828;842;835;819;847;867; ;874;644;659;665;670;682;689;687;701;730;743;755;750;750;724;752;763;772;783;791;817;825; ;834
18053 Cortes de Baza;1.901;1.940;1.993;2.058;2.098;2.204;2.219;2.265;2.259;2.266;2.347;2.167;2.206;2.335;2.388;2.435;2.504;2.616;2.717;2.886;2.765; ;3.059;945;976;1.001;1.039;1.055;1.109;1.118;1.126;1.127;1.128;1.180;1.095;1.113;1.180;1.213;1.239;1.279;1.334;1.375;1.482;1.420; ;1.565;956;964;992;1.019;1.043;1.095;1.101;1.139;1.132;1.138;1.167;1.072;1.093;1.155;1.175;1.196;1.225;1.282;1.342;1.404;1.345; ;1.494
18054 Cortes y Graena;993;994;1.020;1.043;1.023;1.026;1.036;1.071;1.033;1.037;1.063;1.067;1.083;1.081;1.091;1.043;1.001;1.019;1.073;1.023;1.013; ;1.026;526;517;524;538;523;518;524;541;511;522;533;540;547;543;551;526;516;529;554;524;520; ;521;467;477;496;505;500;508;512;530;522;515;530;527;536;538;540;517;485;490;519;499;493; ;505
18912 Cuevas del Campo;1.774;1.821;1.873;1.882;1.919;1.938;2.014;1.979;2.054;2.077;2.131;2.032;2.073;2.097;2.048;2.050;2.111;2.190;2.161;2.232;2.256; ;2.314;886;914;942;942;958;973;1.013;987;1.032;1.066;1.103;1.030;1.055;1.060;1.022;1.020;1.058;1.103;1.066;1.105;1.124; ;1.143;888;907;931;940;961;965;1.001;992;1.022;1.011;1.028;1.002;1.018;1.037;1.026;1.030;1.053;1.087;1.095;1.127;1.132; ;1.171
18056 Cúllar;4.171;4.276;4.296;4.351;4.500;4.612;4.630;4.653;4.703;4.766;4.832;4.859;4.898;4.898;4.836;4.820;5.010;4.813;4.836;5.078;5.078; ;5.229;2.084;2.151;2.157;2.183;2.270;2.322;2.337;2.340;2.376;2.401;2.429;2.425;2.440;2.439;2.417;2.410;2.484;2.404;2.403;2.533;2.533; ;2.602;2.087;2.125;2.139;2.168;2.230;2.290;2.293;2.313;2.327;2.365;2.403;2.434;2.458;2.459;2.419;2.410;2.526;2.409;2.433;2.545;2.545; ;2.627
18057 Cúllar Vega;7.378;7.330;7.198;7.128;7.139;7.090;7.104;7.019;6.914;6.658;6.503;6.212;5.892;5.556;5.173;4.799;4.424;3.997;3.499;3.171;3.080; ;2.656;3.732;3.689;3.637;3.608;3.622;3.602;3.602;3.558;3.507;3.390;3.291;3.150;2.974;2.804;2.642;2.450;2.251;2.032;1.754;1.585;1.535; ;1.319;3.646;3.641;3.561;3.520;3.517;3.488;3.502;3.461;3.407;3.268;3.212;3.062;2.918;2.752;2.531;2.349;2.173;1.965;1.745;1.586;1.545; ;1.337
18063 Darro;1.583;1.571;1.557;1.545;1.501;1.444;1.460;1.467;1.462;1.468;1.478;1.470;1.438;1.488;1.490;1.463;1.456;1.474;1.488;1.526;1.521; ;1.628;805;795;786;772;741;707;716;726;723;740;741;741;717;746;740;726;723;728;739;758;751; ;799;778;776;771;773;760;737;744;741;739;728;737;729;721;742;750;737;733;746;749;768;770; ;829
18064 Dehesas de Guadix;420;419;426;454;453;458;486;499;433;504;516;531;557;556;574;592;607;621;641;679;694; ;713;213;213;218;229;219;220;236;245;214;242;249;256;270;275;281;295;307;313;321;342;350; ;358;207;206;208;225;234;238;250;254;219;262;267;275;287;281;293;297;300;308;320;337;344; ;355
18065 Dehesas Viejas;723;728;727;783; ; ; ; ; ; ; ; ; ; ; ; ; ; ; ; ; ; ; ;367;369;374;399; ; ; ; ; ; ; ; ; ; ; ; ; ; ; ; ; ; ; ;356;359;353;384; ; ; ; ; ; ; ; ; ; ; ; ; ; ; ; ; ; ; 
18066 Deifontes;2.616;2.618;2.622;2.624;2.574;2.571;2.580;2.567;2.528;2.530;2.522;2.483;2.478;2.439;2.395;2.338;2.366;2.369;2.369;2.424;2.415; ;2.539;1.311;1.320;1.317;1.321;1.297;1.301;1.311;1.299;1.272;1.288;1.290;1.274;1.276;1.254;1.233;1.191;1.192;1.186;1.181;1.212;1.206; ;1.267;1.305;1.298;1.305;1.303;1.277;1.270;1.269;1.268;1.256;1.242;1.232;1.209;1.202;1.185;1.162;1.147;1.174;1.183;1.188;1.212;1.209; ;1.272
18067 Diezma;755;775;785;780;766;776;775;784;786;816;839;830;837;860;836;864;859;883;907;941;945; ;981;391;396;403;395;387;397;399;409;409;427;437;435;443;453;438;457;458;469;476;491;496; ;518;364;379;382;385;379;379;376;375;377;389;402;395;394;407;398;407;401;414;431;450;449; ;463
18068 Dílar;2.032;1.959;1.910;1.838;1.825;1.743;1.821;1.757;1.727;1.728;1.680;1.638;1.600;1.620;1.581;1.472;1.362;1.415;1.474;1.510;1.511; ;1.555;1.017;997;960;920;911;864;905;878;873;868;836;804;786;803;779;724;671;696;732;742;744; ;772;1.015;962;950;918;914;879;916;879;854;860;844;834;814;817;802;748;691;719;742;768;767; ;783
18069 Dólar;621;638;631;621;619;612;623;620;618;611;610;582;576;592;586;591;595;603;613;629;643; ;645;337;338;335;323;325;313;326;323;321;310;306;297;294;300;295;294;292;296;298;305;315; ;318;284;300;296;298;294;299;297;297;297;301;304;285;282;292;291;297;303;307;315;324;328; ;327
18915 Domingo Pérez de Granada;890;899;907; ; ; ; ; ; ; ; ; ; ; ; ; ; ; ; ; ; ; ; ;465;470;475; ; ; ; ; ; ; ; ; ; ; ; ; ; ; ; ; ; ; ; ;425;429;432; ; ; ; ; ; ; ; ; ; ; ; ; ; ; ; ; ; ; ; 
18070 Dúdar;320;323;347;348;340;358;350;322;335;335;311;296;292;299;297;310;274;286;272;292;296; ;289;170;172;187;188;188;193;190;174;178;180;172;162;158;160;160;163;146;152;137;155;153; ;147;150;151;160;160;152;165;160;148;157;155;139;134;134;139;137;147;128;134;135;137;143; ;142
18071 Dúrcal;6.975;7.028;7.050;7.123;7.159;7.281;7.286;7.333;7.302;7.264;7.152;7.023;6.856;6.551;6.151;5.158;5.304;5.469;5.571;5.667;5.774; ;6.062;3.467;3.464;3.483;3.527;3.552;3.616;3.614;3.655;3.669;3.664;3.648;3.556;3.451;3.303;3.112;2.526;2.611;2.700;2.736;2.792;2.857; ;3.002;3.508;3.564;3.567;3.596;3.607;3.665;3.672;3.678;3.633;3.600;3.504;3.467;3.405;3.248;3.039;2.632;2.693;2.769;2.835;2.875;2.917; ;3.060
18072 Escúzar;789;772;787;791;780;773;792;783;804;830;833;816;738;785;764;781;786;807;828;849;857; ;886;404;394;403;399;403;396;408;399;414;428;423;413;365;389;375;387;391;406;419;421;429; ;450;385;378;384;392;377;377;384;384;390;402;410;403;373;396;389;394;395;401;409;428;428; ;436
18074 Ferreira;300;305;303;314;326;344;346;343;338;342;345;339;324;323;333;327;357;354;361;365;375; ;398;155;158;155;159;165;178;183;180;174;174;177;176;167;166;174;167;181;175;176;177;179; ;181;145;147;148;155;161;166;163;163;164;168;168;163;157;157;159;160;176;179;185;188;196; ;217
18076 Fonelas;993;996;1.016;1.054;1.050;1.051;1.085;1.093;1.094;1.118;1.136;1.126;1.145;1.165;1.165;1.176;1.171;1.154;1.187;1.256;1.286; ;1.306;517;523;534;548;542;549;562;559;554;563;571;567;569;581;581;583;575;568;589;625;647; ;656;476;473;482;506;508;502;523;534;540;555;565;559;576;584;584;593;596;586;598;631;639; ;650
18078 Freila;900;890;894;950;985;990;1.060;1.092;1.132;1.109;1.126;1.093;1.074;1.039;1.019;983;984;931;962;1.034;1.034; ;1.133;460;456;459;482;499;503;536;549;566;544;552;534;529;510;499;486;485;464;485;526;526; ;572;440;434;435;468;486;487;524;543;566;565;574;559;545;529;520;497;499;467;477;508;508; ;561
18079 Fuente Vaqueros;4.387;4.388;4.395;4.457;4.479;4.500;4.229;4.325;4.353;4.395;4.327;4.211;4.108;4.024;3.953;3.937;3.923;3.913;3.960;4.038;3.969; ;3.974;2.197;2.205;2.209;2.228;2.234;2.240;2.103;2.145;2.164;2.204;2.184;2.113;2.047;2.002;1.969;1.961;1.942;1.938;1.952;1.993;1.967; ;1.971;2.190;2.183;2.186;2.229;2.245;2.260;2.126;2.180;2.189;2.191;2.143;2.098;2.061;2.022;1.984;1.976;1.981;1.975;2.008;2.045;2.002; ;2.003
18905 Gabias, Las;20.703;20.329;20.012;19.603;19.364;18.946;18.381;17.970;17.415;16.369;14.945;13.950;13.345;12.280;10.400;9.773;9.428;8.851;8.577;8.338;7.906; ;7.576;10.547;10.389;10.235;10.017;9.902;9.696;9.422;9.229;8.937;8.466;7.771;7.236;7.002;6.429;5.461;5.133;4.951;4.581;4.348;4.205;3.951; ;3.793;10.156;9.940;9.777;9.586;9.462;9.250;8.959;8.741;8.478;7.903;7.174;6.714;6.343;5.851;4.939;4.640;4.477;4.270;4.229;4.133;3.955; ;3.783
18082 Galera;1.090;1.104;1.133;1.150;1.183;1.138;1.243;1.236;1.057;1.106;1.134;1.135;1.119;1.127;1.152;1.197;1.243;1.281;1.309;1.360;1.378; ;1.426;549;554;565;569;588;565;621;616;524;550;567;564;555;556;573;601;622;642;652;678;685; ;712;541;550;568;581;595;573;622;620;533;556;567;571;564;571;579;596;621;639;657;682;693; ;714
18083 Gobernador;233;246;262;298;304;326;322;308;286;285;307;312;321;317;320;327;333;341;356;387;390; ;396;110;114;120;140;145;158;157;151;140;141;153;155;158;152;154;160;164;168;174;195;198; ;199;123;132;142;158;159;168;165;157;146;144;154;157;163;165;166;167;169;173;182;192;192; ;197
18084 Gójar;5.703;5.606;5.539;5.410;5.390;5.379;5.340;5.315;5.297;5.206;5.096;4.964;4.946;4.813;4.454;3.823;3.673;3.542;3.584;3.502;3.340; ;3.160;2.898;2.855;2.823;2.771;2.756;2.750;2.751;2.733;2.740;2.700;2.632;2.578;2.560;2.502;2.303;1.968;1.902;1.825;1.851;1.805;1.702; ;1.603;2.805;2.751;2.716;2.639;2.634;2.629;2.589;2.582;2.557;2.506;2.464;2.386;2.386;2.311;2.151;1.855;1.771;1.717;1.733;1.697;1.638; ;1.557
18085 Gor;736;746;767;777;797;830;877;924;917;920;940;953;977;997;1.048;1.084;1.076;1.132;1.158;1.167;1.165; ;1.251;377;385;391;396;407;422;447;475;465;466;490;494;504;511;539;552;544;570;582;581;577; ;621;359;361;376;381;390;408;430;449;452;454;450;459;473;486;509;532;532;562;576;586;588; ;630
18086 Gorafe;379;390;405;420;415;445;461;471;474;489;501;506;526;540;538;541;547;558;557;575;581; ;583;196;199;209;216;217;224;232;237;234;237;242;252;261;267;272;269;272;277;269;279;281; ;280;183;191;196;204;198;221;229;234;240;252;259;254;265;273;266;272;275;281;288;296;300; ;303
18087 Granada;232.208;232.770;234.758;235.800;237.540;237.818;239.017;240.099;239.154;234.325;236.988;236.207;237.929;236.982;238.292;237.663;240.522;243.341;244.486;244.767;241.471; ;245.640;107.414;107.844;108.889;109.370;110.512;110.644;111.133;111.629;111.042;108.745;110.191;109.825;110.698;110.041;110.593;110.417;111.774;113.274;113.780;114.078;112.719; ;114.904;124.794;124.926;125.869;126.430;127.028;127.174;127.884;128.470;128.112;125.580;126.797;126.382;127.231;126.941;127.699;127.246;128.748;130.067;130.706;130.689;128.752; ;130.736
18088 Guadahortuna;1.924;1.932;1.957;1.989;1.984;2.027;1.963;2.013;1.999;2.057;2.112;2.154;2.220;2.261;2.083;2.179;2.057;2.149;2.262;2.285;2.303; ;2.334;993;997;1.001;1.015;1.026;1.050;1.018;1.039;1.032;1.067;1.093;1.120;1.138;1.151;1.068;1.119;1.058;1.106;1.167;1.180;1.181; ;1.198;931;935;956;974;958;977;945;974;967;990;1.019;1.034;1.082;1.110;1.015;1.060;999;1.043;1.095;1.105;1.122; ;1.136
18089 Guadix;18.718;18.799;18.796;18.928;18.898;18.884;18.920;20.375;20.407;20.395;20.326;20.307;20.296;20.136;20.035;20.163;20.042;19.448;19.542;20.246;20.322; ;20.310;9.264;9.285;9.282;9.354;9.349;9.369;9.405;10.087;10.113;10.132;10.083;10.051;10.003;9.878;9.841;9.935;9.886;9.564;9.606;10.001;10.060; ;10.077;9.454;9.514;9.514;9.574;9.549;9.515;9.515;10.288;10.294;10.263;10.243;10.256;10.293;10.258;10.194;10.228;10.156;9.884;9.936;10.245;10.262; ;10.233
18906 Guájares, Los;1.028;1.037;1.052;1.087;1.128;1.146;1.170;1.194;1.191;1.243;1.318;1.328;1.337;1.274;1.203;1.229;1.246;1.267;1.292;1.327;1.361; ;1.382;538;550;563;572;597;617;640;659;652;680;735;741;743;693;636;650;655;668;673;682;693; ;709;490;487;489;515;531;529;530;535;539;563;583;587;594;581;567;579;591;599;619;645;668; ;673
18093 Gualchos;5.210;5.051;4.943;4.849;4.975;5.031;4.805;4.672;4.330;4.368;4.126;2.278;2.294;2.538;2.621;2.694;2.973;2.973;2.970;2.969;2.968; ;2.990;2.787;2.636;2.511;2.477;2.569;2.608;2.510;2.445;2.270;2.315;2.208;1.177;1.167;1.307;1.348;1.384;1.499;1.499;1.497;1.497;1.496; ;1.507;2.423;2.415;2.432;2.372;2.406;2.423;2.295;2.227;2.060;2.053;1.918;1.101;1.127;1.231;1.273;1.310;1.474;1.474;1.473;1.472;1.472; ;1.483
18094 Güéjar Sierra;2.849;2.878;2.909;2.953;2.946;2.956;3.007;3.023;2.988;2.967;3.002;2.986;2.915;2.878;2.828;2.576;2.647;2.656;2.702;2.769;2.698; ;2.713;1.517;1.527;1.545;1.553;1.545;1.544;1.587;1.594;1.579;1.576;1.610;1.605;1.550;1.542;1.500;1.351;1.381;1.377;1.385;1.416;1.369; ;1.369;1.332;1.351;1.364;1.400;1.401;1.412;1.420;1.429;1.409;1.391;1.392;1.381;1.365;1.336;1.328;1.225;1.266;1.279;1.317;1.353;1.329; ;1.344
18095 Güevéjar;2.541;2.551;2.540;2.540;2.558;2.546;2.565;2.501;2.455;2.400;2.284;2.234;2.154;2.018;1.859;1.756;1.660;1.582;1.549;1.507;1.438; ;1.502;1.336;1.342;1.344;1.341;1.331;1.320;1.338;1.301;1.267;1.227;1.172;1.142;1.096;1.018;946;883;824;792;779;753;716; ;749;1.205;1.209;1.196;1.199;1.227;1.226;1.227;1.200;1.188;1.173;1.112;1.092;1.058;1.000;913;873;836;790;770;754;722; ;753
18096 Huélago;388;395;406;430;438;432;361;351;358;391;416;403;439;455;471;486;512;528;561;617;644; ;683;203;204;209;221;225;220;189;185;187;206;224;212;232;242;247;251;267;276;292;322;336; ;353;185;191;197;209;213;212;172;166;171;185;192;191;207;213;224;235;245;252;269;295;308; ;330
18097 Huéneja;1.151;1.156;1.156;1.168;1.193;1.193;1.228;1.261;1.214;1.201;1.231;1.218;1.230;1.231;1.222;1.201;1.209;1.210;1.220;1.246;1.277; ;1.329;614;609;607;618;628;622;631;642;623;608;626;622;623;625;628;606;617;613;606;612;627; ;654;537;547;549;550;565;571;597;619;591;593;605;596;607;606;594;595;592;597;614;634;650; ;675
18098 Huéscar;7.367;7.498;7.609;7.677;7.772;7.942;8.015;8.131;8.178;8.232;8.226;8.236;8.212;8.225;8.186;8.197;8.144;8.103;8.065;8.024;8.013; ;8.369;3.643;3.701;3.759;3.790;3.852;3.931;3.963;4.030;4.056;4.085;4.101;4.130;4.129;4.141;4.122;4.120;4.065;4.037;3.981;3.962;3.957; ;4.161;3.724;3.797;3.850;3.887;3.920;4.011;4.052;4.101;4.122;4.147;4.125;4.106;4.083;4.084;4.064;4.077;4.079;4.066;4.084;4.062;4.056; ;4.208
18099 Huétor de Santillán;1.882;1.889;1.901;1.872;1.916;1.832;1.836;1.880;1.891;1.824;1.811;1.798;1.784;1.750;1.706;1.698;1.674;1.645;1.645;1.665;1.649; ;1.687;970;966;968;960;980;934;943;970;967;931;935;932;928;926;895;881;863;851;852;871;857; ;878;912;923;933;912;936;898;893;910;924;893;876;866;856;824;811;817;811;794;793;794;792; ;809
18100 Huétor Tájar;10.286;10.236;10.162;10.147;10.075;10.087;10.084;10.134;9.998;9.953;9.654;9.467;9.340;9.154;8.947;8.759;8.655;8.254;8.206;8.313;8.298; ;8.171;5.182;5.159;5.119;5.103;5.084;5.098;5.099;5.126;5.039;5.028;4.877;4.784;4.737;4.619;4.499;4.422;4.374;4.110;4.077;4.138;4.126; ;4.080;5.104;5.077;5.043;5.044;4.991;4.989;4.985;5.008;4.959;4.925;4.777;4.683;4.603;4.535;4.448;4.337;4.281;4.144;4.129;4.175;4.172; ;4.091
18101 Huétor Vega;11.966;11.904;11.777;11.849;11.844;11.805;11.853;11.770;11.551;11.324;11.103;10.900;10.743;10.545;10.362;10.193;9.640;9.240;8.870;8.575;8.297; ;7.984;6.014;5.986;5.917;5.950;5.949;5.918;5.937;5.907;5.818;5.699;5.577;5.507;5.446;5.315;5.218;5.145;4.852;4.664;4.469;4.311;4.152; ;4.002;5.952;5.918;5.860;5.899;5.895;5.887;5.916;5.863;5.733;5.625;5.526;5.393;5.297;5.230;5.144;5.048;4.788;4.576;4.401;4.264;4.145; ;3.982
18102 Íllora;10.135;10.233;10.286;10.423;10.500;10.638;10.716;10.346;10.386;10.440;10.399;10.390;10.304;10.210;10.072;10.130;10.288;10.343;10.495;10.672;10.664; ;10.797;5.063;5.104;5.144;5.203;5.247;5.315;5.359;5.163;5.196;5.207;5.195;5.190;5.154;5.118;5.038;5.065;5.146;5.184;5.270;5.361;5.357; ;5.416;5.072;5.129;5.142;5.220;5.253;5.323;5.357;5.183;5.190;5.233;5.204;5.200;5.150;5.092;5.034;5.065;5.142;5.159;5.225;5.311;5.307; ;5.381
18103 Ítrabo;1.002;1.009;1.010;1.018;1.014;1.028;1.070;1.169;1.152;1.140;1.123;1.115;1.117;1.116;1.031;983;1.010;1.012;1.021;1.029;1.029; ;1.052;503;508;512;511;510;515;545;597;589;586;562;554;554;548;513;490;503;499;496;505;505; ;516;499;501;498;507;504;513;525;572;563;554;561;561;563;568;518;493;507;513;525;524;524; ;536
18105 Iznalloz;5.085;5.033;5.045;6.016;6.867;6.925;6.995;7.003;7.019;7.065;7.150;7.054;7.046;6.978;6.948;6.885;6.909;6.945;6.964;7.094;6.451; ;6.705;2.605;2.569;2.574;3.086;3.513;3.567;3.598;3.610;3.602;3.613;3.656;3.590;3.567;3.532;3.511;3.454;3.484;3.495;3.505;3.594;3.264; ;3.399;2.480;2.464;2.471;2.930;3.354;3.358;3.397;3.393;3.417;3.452;3.494;3.464;3.479;3.446;3.437;3.431;3.425;3.450;3.459;3.500;3.187; ;3.306
18106 Játar;599;633;646; ; ; ; ; ; ; ; ; ; ; ; ; ; ; ; ; ; ; ; ;326;349;359; ; ; ; ; ; ; ; ; ; ; ; ; ; ; ; ; ; ; ; ;273;284;287; ; ; ; ; ; ; ; ; ; ; ; ; ; ; ; ; ; ; ; 
18107 Jayena;1.104;1.101;1.119;1.178;1.212;1.243;1.151;1.162;1.209;1.225;1.213;1.252;1.285;1.237;1.271;1.296;1.308;1.323;1.342;1.355;1.395; ;1.479;561;563;569;595;613;627;590;594;617;636;639;659;672;644;670;673;676;675;676;689;707; ;754;543;538;550;583;599;616;561;568;592;589;574;593;613;593;601;623;632;648;666;666;688; ;725
18108 Jérez del Marquesado;977;1.002;1.009;1.021;1.027;1.038;1.061;1.079;1.083;1.109;1.090;1.107;1.091;1.092;1.068;1.066;1.090;1.084;1.106;1.163;1.174; ;1.214;511;528;530;525;530;529;544;551;552;562;554;560;553;553;542;535;547;537;551;584;590; ;613;466;474;479;496;497;509;517;528;531;547;536;547;538;539;526;531;543;547;555;579;584; ;601
18109 Jete;909;890;904;908;929;923;909;888;890;892;891;870;820;800;768;758;754;749;765;756;752; ;754;478;463;463;466;478;481;490;480;477;478;492;462;438;409;378;368;359;355;361;358;362; ;363;431;427;441;442;451;442;419;408;413;414;399;408;382;391;390;390;395;394;404;398;390; ;391
18111 Jun;3.785;3.681;3.692;3.620;3.661;3.609;3.558;3.438;3.355;3.241;3.000;2.377;2.326;2.161;2.053;1.978;1.897;1.817;1.779;1.724;1.623; ;1.553;1.932;1.869;1.862;1.842;1.869;1.852;1.823;1.773;1.719;1.665;1.547;1.234;1.193;1.096;1.052;1.010;973;927;903;873;819; ;786;1.853;1.812;1.830;1.778;1.792;1.757;1.735;1.665;1.636;1.576;1.453;1.143;1.133;1.065;1.001;968;924;890;876;851;804; ;767
18112 Juviles;142;144;148;153;134;135;163;167;170;176;173;177;177;175;178;160;161;173;177;183;187; ;187;68;68;72;72;63;65;81;84;86;92;87;91;88;91;90;81;81;85;90;91;95; ;96;74;76;76;81;71;70;82;83;84;84;86;86;89;84;88;79;80;88;87;92;92; ;91
18115 Láchar;3.354;3.270;3.303;3.263;3.260;3.249;3.205;3.179;3.115;3.093;3.005;2.910;2.819;2.732;2.657;2.525;2.455;2.357;2.426;2.477;2.434; ;2.335;1.721;1.675;1.701;1.666;1.665;1.657;1.635;1.606;1.561;1.550;1.525;1.484;1.438;1.398;1.340;1.280;1.237;1.185;1.221;1.241;1.228; ;1.184;1.633;1.595;1.602;1.597;1.595;1.592;1.570;1.573;1.554;1.543;1.480;1.426;1.381;1.334;1.317;1.245;1.218;1.172;1.205;1.236;1.206; ;1.151
18116 Lanjarón;3.485;3.503;3.587;3.715;3.717;3.791;3.826;3.859;3.861;3.897;3.908;3.823;3.796;3.756;3.757;3.736;3.749;3.751;3.802;3.870;3.877; ;3.971;1.738;1.737;1.788;1.838;1.852;1.872;1.891;1.924;1.916;1.929;1.951;1.897;1.876;1.853;1.846;1.825;1.823;1.834;1.868;1.900;1.918; ;1.976;1.747;1.766;1.799;1.877;1.865;1.919;1.935;1.935;1.945;1.968;1.957;1.926;1.920;1.903;1.911;1.911;1.926;1.917;1.934;1.970;1.959; ;1.995
18117 Lanteira;576;559;552;546;526;545;570;572;582;567;605;605;528;488;507;522;560;588;599;643;669; ;683;310;292;284;286;269;278;293;295;303;299;343;336;279;248;260;264;286;296;303;323;337; ;341;266;267;268;260;257;267;277;277;279;268;262;269;249;240;247;258;274;292;296;320;332; ;342
18119 Lecrín;2.103;2.089;2.098;2.138;2.178;2.247;2.299;2.271;2.304;2.322;2.327;2.336;2.329;2.309;2.269;2.274;2.251;2.273;2.293;2.322;2.375; ;2.424;1.068;1.062;1.062;1.083;1.110;1.146;1.176;1.155;1.168;1.173;1.192;1.187;1.192;1.179;1.150;1.143;1.119;1.129;1.132;1.147;1.173; ;1.191;1.035;1.027;1.036;1.055;1.068;1.101;1.123;1.116;1.136;1.149;1.135;1.149;1.137;1.130;1.119;1.131;1.132;1.144;1.161;1.175;1.202; ;1.233
18120 Lentegí;328;322;338;346;358;346;333;336;340;333;328;333;342;342;330;329;329;337;343;340;347; ;356;172;167;180;183;191;183;175;180;176;170;170;172;178;178;165;160;158;158;162;158;160; ;166;156;155;158;163;167;163;158;156;164;163;158;161;164;164;165;169;171;179;181;182;187; ;190
18121 Lobras;148;148;159;166;165;163;159;160;146;131;125;128;121;126;132;140;148;165;173;176;181; ;190;78;79;83;84;84;83;82;81;75;67;62;65;60;62;65;68;70;80;85;86;88; ;92;70;69;76;82;81;80;77;79;71;64;63;63;61;64;67;72;78;85;88;90;93; ;98
18122 Loja;20.371;20.469;20.641;20.893;21.136;21.135;21.496;21.618;21.688;21.574;21.570;21.341;21.196;20.888;20.707;20.576;20.329;19.990;19.701;20.143;20.143; ;20.032;10.143;10.205;10.308;10.475;10.634;10.640;10.816;10.845;10.888;10.825;10.803;10.657;10.580;10.404;10.315;10.249;10.095;9.925;9.777;9.969;9.969; ;9.911;10.228;10.264;10.333;10.418;10.502;10.495;10.680;10.773;10.800;10.749;10.767;10.684;10.616;10.484;10.392;10.327;10.234;10.065;9.924;10.174;10.174; ;10.121
18123 Lugros;332;334;327;320;328;333;340;342;350;367;368;361;367;361;370;374;377;401;406;397;412; ;426;177;180;178;176;180;182;187;185;189;194;194;184;182;181;190;188;190;201;201;201;209; ;223;155;154;149;144;148;151;153;157;161;173;174;177;185;180;180;186;187;200;205;196;203; ;203
18124 Lújar;462;454;487;517;504;524;519;453;462;468;495;497;491;505;506;514;528;523;535;562;562; ;572;252;244;264;274;265;278;273;241;243;252;266;265;261;270;275;278;282;280;284;298;298; ;308;210;210;223;243;239;246;246;212;219;216;229;232;230;235;231;236;246;243;251;264;264; ;264
18126 Malahá, La;1.827;1.856;1.821;1.834;1.853;1.858;1.837;1.828;1.840;1.812;1.764;1.709;1.703;1.679;1.656;1.597;1.625;1.661;1.658;1.587;1.576; ;1.702;915;927;907;918;937;950;955;943;951;934;919;880;876;863;855;814;832;843;836;802;797; ;856;912;929;914;916;916;908;882;885;889;878;845;829;827;816;801;783;793;818;822;785;779; ;846
18127 Maracena;22.047;22.071;22.059;21.816;21.633;21.594;21.514;21.264;21.097;20.815;20.297;19.659;19.388;18.819;17.232;16.587;15.824;15.189;14.651;14.331;14.331; ;14.095;10.849;10.888;10.877;10.743;10.683;10.697;10.635;10.531;10.432;10.323;10.069;9.771;9.639;9.372;8.580;8.265;7.877;7.538;7.275;7.139;7.139; ;7.011;11.198;11.183;11.182;11.073;10.950;10.897;10.879;10.733;10.665;10.492;10.228;9.888;9.749;9.447;8.652;8.322;7.947;7.651;7.376;7.192;7.192; ;7.084
18128 Marchal;409;417;424;427;428;427;446;418;373;402;413;388;403;404;384;390;371;392;405;422;439; ;452;193;199;200;198;194;193;205;193;170;184;190;171;181;187;181;182;177;186;190;198;209; ;214;216;218;224;229;234;234;241;225;203;218;223;217;222;217;203;208;194;206;215;224;230; ;238
18132 Moclín;3.723;3.820;3.884;3.976;4.059;4.136;4.204;4.213;4.237;4.268;4.319;4.091;4.146;4.220;4.243;4.310;4.382;4.404;4.436;4.544;4.618; ;4.742;1.857;1.908;1.930;1.971;2.008;2.054;2.096;2.112;2.109;2.122;2.164;2.042;2.064;2.114;2.129;2.158;2.185;2.181;2.178;2.235;2.283; ;2.354;1.866;1.912;1.954;2.005;2.051;2.082;2.108;2.101;2.128;2.146;2.155;2.049;2.082;2.106;2.114;2.152;2.197;2.223;2.258;2.309;2.335; ;2.388
18133 Molvízar;2.759;2.796;2.881;2.895;2.903;2.982;3.215;3.203;3.269;3.273;3.407;3.197;2.998;2.795;2.745;2.802;2.714;2.697;2.722;2.769;2.670; ;2.640;1.411;1.433;1.470;1.473;1.490;1.529;1.648;1.641;1.672;1.655;1.729;1.594;1.486;1.381;1.352;1.378;1.343;1.328;1.335;1.352;1.307; ;1.301;1.348;1.363;1.411;1.422;1.413;1.453;1.567;1.562;1.597;1.618;1.678;1.603;1.512;1.414;1.393;1.424;1.371;1.369;1.387;1.417;1.363; ;1.339
18134 Monachil;7.826;7.715;7.681;7.538;7.398;7.359;7.402;7.399;7.294;6.967;6.644;6.270;6.289;6.034;5.765;5.684;5.515;5.320;5.199;5.067;4.831; ;5.074;4.033;3.982;3.952;3.900;3.815;3.791;3.802;3.800;3.733;3.576;3.433;3.221;3.218;3.077;2.962;2.930;2.850;2.745;2.653;2.572;2.436; ;2.569;3.793;3.733;3.729;3.638;3.583;3.568;3.600;3.599;3.561;3.391;3.211;3.049;3.071;2.957;2.803;2.754;2.665;2.575;2.546;2.495;2.395; ;2.505
18135 Montefrío;5.479;5.472;5.601;5.720;5.806;5.853;6.054;6.152;6.229;6.282;6.357;6.400;6.446;6.520;6.568;6.474;6.593;6.688;6.794;7.028;7.030; ;7.426;2.763;2.749;2.814;2.872;2.907;2.934;3.041;3.090;3.123;3.150;3.192;3.200;3.215;3.256;3.279;3.224;3.287;3.337;3.400;3.514;3.522; ;3.758;2.716;2.723;2.787;2.848;2.899;2.919;3.013;3.062;3.106;3.132;3.165;3.200;3.231;3.264;3.289;3.250;3.306;3.351;3.394;3.514;3.508; ;3.668
18136 Montejícar;2.163;2.183;2.204;2.230;2.265;2.308;2.375;2.442;2.464;2.481;2.525;2.575;2.596;2.615;2.686;2.728;2.747;2.765;2.825;2.861;2.888; ;3.006;1.112;1.119;1.127;1.139;1.144;1.171;1.201;1.233;1.245;1.251;1.274;1.292;1.297;1.306;1.347;1.375;1.394;1.400;1.421;1.439;1.458; ;1.527;1.051;1.064;1.077;1.091;1.121;1.137;1.174;1.209;1.219;1.230;1.251;1.283;1.299;1.309;1.339;1.353;1.353;1.365;1.404;1.422;1.430; ;1.479
18137 Montillana;1.157;1.207;1.272;1.330;1.324;1.349;1.386;1.404;1.360;1.304;1.328;1.350;1.288;1.318;1.316;1.336;1.327;1.342;1.378;1.393;1.396; ;1.420;610;630;669;703;689;713;740;739;711;678;687;698;670;690;675;680;670;678;692;704;704; ;716;547;577;603;627;635;636;646;665;649;626;641;652;618;628;641;656;657;664;686;689;692; ;704
18138 Moraleda de Zafayona;3.159;3.176;3.187;3.200;3.224;3.233;3.266;3.281;3.076;3.136;3.186;3.093;3.058;3.043;2.769;2.803;2.782;2.739;2.736;2.809;2.722; ;2.724;1.592;1.609;1.619;1.629;1.641;1.649;1.674;1.680;1.566;1.597;1.637;1.569;1.563;1.552;1.420;1.435;1.424;1.400;1.402;1.440;1.390; ;1.393;1.567;1.567;1.568;1.571;1.583;1.584;1.592;1.601;1.510;1.539;1.549;1.524;1.495;1.491;1.349;1.368;1.358;1.339;1.334;1.369;1.332; ;1.331
18909 Morelábor;619;650;660;693;685;736;742;765;737;774;808;854;812;847;852;899;891;911;942;968;917; ;953;334;352;359;373;362;384;386;401;386;409;426;450;426;445;440;467;466;478;490;496;466; ;482;285;298;301;320;323;352;356;364;351;365;382;404;386;402;412;432;425;433;452;472;451; ;471
18140 Motril;60.592;60.420;60.368;60.777;60.870;61.194;61.171;60.887;60.884;60.279;59.163;58.501;57.895;56.605;55.078;53.597;51.928;50.812;50.172;50.398;50.025; ;50.316;29.831;29.763;29.699;29.914;29.969;30.230;30.285;30.162;30.244;29.907;29.461;29.077;28.717;28.057;27.322;26.615;25.773;25.143;24.742;24.879;24.668; ;24.841;30.761;30.657;30.669;30.863;30.901;30.964;30.886;30.725;30.640;30.372;29.702;29.424;29.178;28.548;27.756;26.982;26.155;25.669;25.430;25.519;25.357; ;25.475
18141 Murtas;464;473;495;524;541;605;621;648;658;682;710;742;730;741;713;698;706;745;797;834;852; ;906;259;265;282;301;318;357;369;384;382;395;411;429;418;425;395;380;373;393;412;427;438; ;474;205;208;213;223;223;248;252;264;276;287;299;313;312;316;318;318;333;352;385;407;414; ;432
18903 Nevada;1.079;1.089;1.106;1.123;1.149;1.174;1.158;1.165;1.179;1.174;1.208;1.194;1.179;1.220;1.228;1.237;1.300;1.350;1.375;1.431;1.369; ;1.418;556;560;564;574;582;594;597;592;598;601;613;613;616;642;642;645;664;683;698;715;700; ;718;523;529;542;549;567;580;561;573;581;573;595;581;563;578;586;592;636;667;677;716;669; ;700
18143 Nigüelas;1.182;1.195;1.218;1.214;1.219;1.238;1.203;1.181;1.169;1.100;1.132;1.139;1.149;941;955;979;1.021;1.054;1.100;1.115;1.154; ;1.139;604;608;620;616;614;620;596;581;579;544;557;564;566;466;469;486;512;531;557;564;586; ;570;578;587;598;598;605;618;607;600;590;556;575;575;583;475;486;493;509;523;543;551;568; ;569
18144 Nívar;996;971;930;922;920;883;937;923;872;868;869;785;668;681;662;660;657;666;663;651;641; ;646;524;506;474;476;482;461;486;485;463;459;454;409;345;351;342;341;341;339;337;334;330; ;323;472;465;456;446;438;422;451;438;409;409;415;376;323;330;320;319;316;327;326;317;311; ;323
18145 Ogíjares;14.025;13.848;13.718;13.719;13.681;13.598;13.403;13.345;13.255;13.119;12.867;12.145;12.040;11.877;11.324;10.494;9.759;9.156;8.798;8.502;8.123; ;7.607;6.940;6.852;6.773;6.775;6.761;6.747;6.681;6.648;6.642;6.610;6.576;6.237;6.145;6.062;5.812;5.404;4.979;4.650;4.452;4.286;4.084; ;3.825;7.085;6.996;6.945;6.944;6.920;6.851;6.722;6.697;6.613;6.509;6.291;5.908;5.895;5.815;5.512;5.090;4.780;4.506;4.346;4.216;4.039; ;3.782
18146 Orce;1.198;1.205;1.220;1.226;1.264;1.292;1.301;1.321;1.321;1.333;1.357;1.383;1.387;1.397;1.360;1.390;1.408;1.425;1.440;1.460;1.427; ;1.478;609;615;630;633;659;669;672;683;682;699;715;719;711;713;687;704;710;717;713;726;718; ;746;589;590;590;593;605;623;629;638;639;634;642;664;676;684;673;686;698;708;727;734;709; ;732
18147 Órgiva;5.649;5.570;5.543;5.483;5.393;5.739;5.772;5.756;5.789;5.659;5.640;5.508;5.460;5.370;5.175;5.152;5.067;5.038;5.035;5.123;5.039; ;5.147;2.837;2.803;2.787;2.752;2.697;2.851;2.866;2.886;2.917;2.865;2.862;2.779;2.761;2.705;2.591;2.580;2.540;2.526;2.512;2.580;2.531; ;2.591;2.812;2.767;2.756;2.731;2.696;2.888;2.906;2.870;2.872;2.794;2.778;2.729;2.699;2.665;2.584;2.572;2.527;2.512;2.523;2.543;2.508; ;2.556
18148 Otívar;1.029;1.043;1.082;1.093;1.108;1.136;1.203;1.193;1.136;1.150;1.145;1.136;1.113;1.109;1.056;1.052;1.044;1.031;1.043;1.090;1.096; ;1.108;523;527;540;549;557;574;616;609;584;591;591;581;572;565;540;535;533;517;524;545;547; ;556;506;516;542;544;551;562;587;584;552;559;554;555;541;544;516;517;511;514;519;545;549; ;552
18150 Padul;8.396;8.454;8.442;8.407;8.353;8.322;8.480;8.416;8.270;8.440;8.224;7.961;7.871;7.373;7.217;7.155;6.873;6.814;6.766;6.777;6.632; ;6.673;4.220;4.261;4.267;4.236;4.216;4.214;4.286;4.238;4.149;4.226;4.113;3.971;3.920;3.681;3.618;3.603;3.450;3.413;3.380;3.407;3.321; ;3.323;4.176;4.193;4.175;4.171;4.137;4.108;4.194;4.178;4.121;4.214;4.111;3.990;3.951;3.692;3.599;3.552;3.423;3.401;3.386;3.370;3.311; ;3.350
18151 Pampaneira;321;324;318;315;323;352;344;363;356;298;313;322;344;355;327;337;315;330;345;345;337; ;335;160;160;160;157;165;180;177;188;182;153;162;166;178;182;171;177;161;169;176;178;172; ;171;161;164;158;158;158;172;167;175;174;145;151;156;166;173;156;160;154;161;169;167;165; ;164
18152 Pedro Martínez;1.134;1.166;1.150;1.150;1.182;1.218;1.272;1.273;1.293;1.158;1.144;1.189;1.217;1.254;1.267;1.320;1.232;1.306;1.373;1.427;1.499; ;1.523;556;573;562;564;576;598;618;620;645;573;558;591;607;626;633;653;614;658;683;714;755; ;776;578;593;588;586;606;620;654;653;648;585;586;598;610;628;634;667;618;648;690;713;744; ;747
18153 Peligros;11.286;11.191;11.242;11.154;11.212;11.126;11.059;11.021;11.000;10.910;10.848;10.597;10.385;10.037;9.573;8.500;8.015;7.644;7.401;7.380;7.380; ;6.983;5.603;5.548;5.578;5.544;5.574;5.541;5.512;5.525;5.557;5.545;5.635;5.462;5.347;5.129;4.890;4.312;4.055;3.834;3.700;3.653;3.653; ;3.452;5.683;5.643;5.664;5.610;5.638;5.585;5.547;5.496;5.443;5.365;5.213;5.135;5.038;4.908;4.683;4.188;3.960;3.810;3.701;3.727;3.727; ;3.531
18154 Peza, La;1.177;1.214;1.241;1.250;1.263;1.283;1.293;1.303;1.341;1.366;1.383;1.381;1.367;1.381;1.330;1.359;1.386;1.429;1.433;1.464;1.450; ;1.467;600;624;640;645;654;667;682;692;715;720;735;727;722;734;717;723;739;757;753;767;764; ;769;577;590;601;605;609;616;611;611;626;646;648;654;645;647;613;636;647;672;680;697;686; ;698
18910 Pinar, El;919;933;962;996;1.001;1.021;1.034;1.009;1.011;1.039;1.052;1.067;1.088;1.125;1.119;1.136;1.176;1.182;1.198;1.210;1.253; ;1.286;475;485;505;516;517;514;517;505;504;514;531;545;556;566;562;570;588;598;611;611;630; ;652;444;448;457;480;484;507;517;504;507;525;521;522;532;559;557;566;588;584;587;599;623; ;634
18157 Pinos Genil;1.449;1.422;1.430;1.438;1.407;1.406;1.409;1.363;1.289;1.262;1.249;1.252;1.252;1.262;1.240;1.237;1.257;1.200;1.181;1.159;1.186; ;1.176;762;748;746;745;727;741;738;720;684;659;657;654;658;658;651;645;651;621;611;603;619; ;612;687;674;684;693;680;665;671;643;605;603;592;598;594;604;589;592;606;579;570;556;567; ;564
18158 Pinos Puente;10.144;10.314;10.519;10.605;12.808;12.903;13.115;13.314;13.421;13.515;13.551;13.540;13.450;13.319;13.303;13.105;13.209;13.391;13.368;13.524;13.215; ;13.275;5.101;5.166;5.287;5.315;6.389;6.417;6.595;6.699;6.788;6.863;6.981;6.953;6.892;6.800;6.785;6.661;6.683;6.755;6.759;6.833;6.640; ;6.665;5.043;5.148;5.232;5.290;6.419;6.486;6.520;6.615;6.633;6.652;6.570;6.587;6.558;6.519;6.518;6.444;6.526;6.636;6.609;6.691;6.575; ;6.610
18159 Píñar;1.120;1.139;1.154;1.209;1.234;1.270;1.283;1.299;1.314;1.306;1.271;1.358;1.362;1.368;1.249;1.296;1.280;1.320;1.329;1.376;1.397; ;1.422;608;615;630;670;681;707;709;712;714;704;674;715;718;724;661;680;666;685;690;712;724; ;732;512;524;524;539;553;563;574;587;600;602;597;643;644;644;588;616;614;635;639;664;673; ;690
18161 Polícar;236;228;234;235;234;225;220;229;227;202;222;227;227;233;241;256;294;256;296;265;254; ;260;127;121;124;122;119;116;112;117;116;102;109;111;113;115;121;128;144;136;157;141;133; ;131;109;107;110;113;115;109;108;112;111;100;113;116;114;118;120;128;150;120;139;124;121; ;129
18162 Polopos;1.703;1.650;1.680;1.680;1.847;1.686;1.966;1.904;1.856;1.821;1.758;1.645;1.557;1.625;1.493;1.398;1.388;1.235;1.225;1.264;1.264; ;1.252;929;882;888;885;985;892;1.070;1.037;1.008;994;975;901;860;915;840;784;771;647;628;655;655; ;647;774;768;792;795;862;794;896;867;848;827;783;744;697;710;653;614;617;588;597;609;609; ;605
18163 Pórtugos;389;403;401;409;382;372;364;384;401;408;405;408;419;408;415;425;430;445;451;437;444; ;440;199;208;208;213;203;199;196;202;211;206;200;200;205;197;203;210;210;217;218;211;216; ;216;190;195;193;196;179;173;168;182;190;202;205;208;214;211;212;215;220;228;233;226;228; ;224
18164 Puebla de Don Fadrique;2.292;2.308;2.306;2.329;2.324;2.370;2.393;2.415;2.474;2.517;2.516;2.554;2.565;2.621;2.637;2.532;2.556;2.498;2.478;2.550;2.569; ;2.643;1.176;1.188;1.188;1.211;1.202;1.219;1.237;1.249;1.275;1.292;1.291;1.305;1.301;1.341;1.354;1.299;1.296;1.254;1.233;1.271;1.283; ;1.327;1.116;1.120;1.118;1.118;1.122;1.151;1.156;1.166;1.199;1.225;1.225;1.249;1.264;1.280;1.283;1.233;1.260;1.244;1.245;1.279;1.286; ;1.316
18165 Pulianas;5.348;5.364;5.339;5.366;5.366;5.326;5.226;5.143;5.187;5.140;4.993;4.954;4.924;4.842;4.761;4.683;4.276;4.190;3.973;3.835;3.599; ;3.335;2.656;2.673;2.656;2.666;2.679;2.676;2.621;2.585;2.607;2.583;2.522;2.510;2.485;2.433;2.402;2.375;2.190;2.149;2.042;1.955;1.833; ;1.683;2.692;2.691;2.683;2.700;2.687;2.650;2.605;2.558;2.580;2.557;2.471;2.444;2.439;2.409;2.359;2.308;2.086;2.041;1.931;1.880;1.766; ;1.652
18167 Purullena;2.312;2.329;2.356;2.399;2.429;2.453;2.403;2.260;2.262;2.278;2.294;2.252;2.294;2.307;2.286;2.356;2.411;2.473;2.427;2.022;2.068; ;2.196;1.176;1.176;1.187;1.202;1.223;1.235;1.205;1.140;1.142;1.148;1.154;1.141;1.156;1.161;1.143;1.175;1.190;1.219;1.190;990;1.014; ;1.074;1.136;1.153;1.169;1.197;1.206;1.218;1.198;1.120;1.120;1.130;1.140;1.111;1.138;1.146;1.143;1.181;1.221;1.254;1.237;1.032;1.054; ;1.122
18168 Quéntar;916;928;954;974;992;1.020;1.009;1.025;1.045;1.065;1.070;1.046;1.036;1.054;1.062;1.116;1.059;1.058;1.086;1.108;1.108; ;1.134;468;473;489;495;507;524;518;529;543;549;551;547;542;548;545;569;539;536;543;553;551; ;576;448;455;465;479;485;496;491;496;502;516;519;499;494;506;517;547;520;522;543;555;557; ;558
18170 Rubite;382;382;377;392;455;501;500;456;450;432;439;441;468;488;492;478;352;365;389;400;410; ;421;212;214;216;221;244;273;275;255;256;245;248;249;260;264;257;247;186;191;204;211;217; ;222;170;168;161;171;211;228;225;201;194;187;191;192;208;224;235;231;166;174;185;189;193; ;199
18171 Salar;2.639;2.667;2.698;2.712;2.735;2.757;2.758;2.790;2.831;2.849;2.860;2.803;2.795;2.768;2.760;2.742;2.695;2.715;2.781;2.793;2.783; ;2.753;1.330;1.351;1.364;1.366;1.387;1.401;1.393;1.420;1.436;1.442;1.450;1.414;1.410;1.402;1.393;1.382;1.348;1.348;1.377;1.377;1.380; ;1.360;1.309;1.316;1.334;1.346;1.348;1.356;1.365;1.370;1.395;1.407;1.410;1.389;1.385;1.366;1.367;1.360;1.347;1.367;1.404;1.416;1.403; ;1.393
18173 Salobreña;12.396;12.402;12.399;12.429;12.431;12.509;12.622;12.790;12.821;12.747;12.684;12.288;12.063;11.750;11.420;11.134;10.691;10.486;10.168;10.255;10.053; ;10.104;6.173;6.209;6.186;6.171;6.167;6.243;6.329;6.390;6.393;6.372;6.349;6.175;6.052;5.878;5.697;5.551;5.341;5.238;5.051;5.090;5.010; ;5.025;6.223;6.193;6.213;6.258;6.264;6.266;6.293;6.400;6.428;6.375;6.335;6.113;6.011;5.872;5.723;5.583;5.350;5.248;5.117;5.165;5.043; ;5.079
18174 Santa Cruz del Comercio;541;549;544;549;552;571;584;594;597;596;549;557;546;544;514;517;524;535;539;550;555; ;560;281;286;283;288;295;302;306;309;314;317;294;297;293;287;280;273;275;280;277;287;292; ;289;260;263;261;261;257;269;278;285;283;279;255;260;253;257;234;244;249;255;262;263;263; ;271
18175 Santa Fe;14.986;14.960;15.079;15.067;15.168;15.323;15.322;15.367;15.428;15.430;15.107;14.934;14.599;14.301;13.803;13.476;13.015;12.812;12.730;12.740;12.387; ;12.349;7.368;7.352;7.450;7.428;7.489;7.574;7.579;7.584;7.634;7.643;7.498;7.391;7.217;7.076;6.837;6.674;6.442;6.332;6.297;6.291;6.083; ;6.063;7.618;7.608;7.629;7.639;7.679;7.749;7.743;7.783;7.794;7.787;7.609;7.543;7.382;7.225;6.966;6.802;6.573;6.480;6.433;6.449;6.304; ;6.286
18176 Soportújar;266;266;277;296;320;287;298;280;250;242;245;257;265;274;269;266;260;262;268;276;288; ;288;144;147;153;167;189;158;160;151;132;128;134;140;140;144;143;135;134;138;143;149;153; ;151;122;119;124;129;131;129;138;129;118;114;111;117;125;130;126;131;126;124;125;127;135; ;137
18177 Sorvilán;545;550;555;552;569;572;577;592;614;625;656;659;677;701;694;621;620;634;633;665;679; ;694;299;294;288;281;296;297;300;307;312;313;336;341;353;373;368;332;326;332;325;340;344; ;349;246;256;267;271;273;275;277;285;302;312;320;318;324;328;326;289;294;302;308;325;335; ;345
18901 Taha, La;653;653;655;643;663;719;778;810;776;685;692;714;743;769;793;784;790;812;789;831;830; ;787;343;336;338;334;349;370;394;412;394;346;348;359;370;386;403;396;404;413;396;417;414; ;396;310;317;317;309;314;349;384;398;382;339;344;355;373;383;390;388;386;399;393;414;416; ;391
18178 Torre-Cardela;759;782;813;847;860;860;920;937;955;970;1.001;1.064;1.092;1.103;1.134;1.170;1.152;1.158;1.176;1.206;1.225; ;1.240;402;407;419;437;443;435;462;466;474;478;498;524;538;533;549;571;571;577;583;603;613; ;609;357;375;394;410;417;425;458;471;481;492;503;540;554;570;585;599;581;581;593;603;612; ;631
18179 Torvizcón;663;650;682;708;710;734;736;755;788;784;809;799;803;795;807;822;858;888;916;955;972; ;1.022;347;339;359;372;369;385;391;400;415;409;422;414;410;404;414;419;437;457;463;482;490; ;517;316;311;323;336;341;349;345;355;373;375;387;385;393;391;393;403;421;431;453;473;482; ;505
18180 Trevélez;742;758;776;786;792;810;795;823;842;842;852;835;831;837;827;816;799;775;762;779;793; ;800;386;390;403;411;417;425;417;427;435;442;451;447;444;434;434;425;424;409;404;413;417; ;419;356;368;373;375;375;385;378;396;407;400;401;388;387;403;393;391;375;366;358;366;376; ;381
18181 Turón;255;253;254;265;289;284;289;291;297;301;319;330;327;339;335;329;340;345;359;377;361; ;387;153;151;151;159;174;167;170;169;173;173;181;190;187;196;194;189;192;193;201;213;205; ;218;102;102;103;106;115;117;119;122;124;128;138;140;140;143;141;140;148;152;158;164;156; ;169
18182 Ugíjar;2.521;2.511;2.512;2.560;2.619;2.638;2.643;2.711;2.681;2.569;2.613;2.599;2.531;2.524;2.541;2.514;2.424;2.522;2.464;2.499;2.572; ;2.625;1.240;1.234;1.237;1.259;1.293;1.301;1.307;1.358;1.350;1.314;1.380;1.358;1.307;1.290;1.298;1.278;1.208;1.265;1.233;1.229;1.278; ;1.298;1.281;1.277;1.275;1.301;1.326;1.337;1.336;1.353;1.331;1.255;1.233;1.241;1.224;1.234;1.243;1.236;1.216;1.257;1.231;1.270;1.294; ;1.327
18914 Valderrubio;2.086;2.083;2.094;2.111; ; ; ; ; ; ; ; ; ; ; ; ; ; ; ; ; ; ; ;1.020;1.021;1.034;1.040; ; ; ; ; ; ; ; ; ; ; ; ; ; ; ; ; ; ; ;1.066;1.062;1.060;1.071; ; ; ; ; ; ; ; ; ; ; ; ; ; ; ; ; ; ; 
18907 Valle del Zalabí;2.145;2.146;2.163;2.229;2.274;2.259;2.260;2.315;2.304;2.297;2.325;2.345;2.315;2.326;2.352;2.314;2.327;2.338;2.320;2.392;2.417; ;2.431;1.094;1.101;1.107;1.134;1.164;1.161;1.162;1.184;1.165;1.139;1.150;1.157;1.140;1.155;1.158;1.142;1.150;1.149;1.142;1.180;1.193; ;1.203;1.051;1.045;1.056;1.095;1.110;1.098;1.098;1.131;1.139;1.158;1.175;1.188;1.175;1.171;1.194;1.172;1.177;1.189;1.178;1.212;1.224; ;1.228
18902 Valle, El;935;938;964;1.013;1.049;1.052;1.142;1.161;1.130;1.143;1.163;1.174;1.130;1.139;1.151;1.170;1.219;1.243;1.283;1.326;1.377; ;1.431;465;466;479;496;515;517;562;575;560;567;573;570;544;541;547;568;593;600;626;641;669; ;695;470;472;485;517;534;535;580;586;570;576;590;604;586;598;604;602;626;643;657;685;708; ;736
18183 Válor;672;676;671;654;623;609;693;710;702;726;650;673;708;736;768;791;835;886;921;1.001;1.001; ;1.024;344;346;344;337;317;315;360;364;360;367;326;337;357;373;386;397;422;450;464;506;506; ;515;328;330;327;317;306;294;333;346;342;359;324;336;351;363;382;394;413;436;457;495;495; ;509
18911 Vegas del Genil;10.981;10.808;10.518;10.423;10.264;10.003;9.701;9.472;9.102;8.587;8.061;7.224;6.599;5.795;4.922;3.994;3.539;3.035;2.893;2.791;2.758; ;2.753;5.609;5.514;5.358;5.327;5.244;5.126;4.954;4.854;4.662;4.413;4.167;3.759;3.445;3.021;2.535;2.040;1.787;1.536;1.452;1.403;1.391; ;1.385;5.372;5.294;5.160;5.096;5.020;4.877;4.747;4.618;4.440;4.174;3.894;3.465;3.154;2.774;2.387;1.954;1.752;1.499;1.441;1.388;1.367; ;1.368
18184 Vélez de Benaudalla;2.870;2.885;2.875;2.903;2.876;2.890;2.943;2.947;2.928;2.968;2.980;2.892;2.965;2.803;2.575;2.508;2.493;2.489;2.467;2.569;2.563; ;2.688;1.425;1.438;1.445;1.461;1.441;1.454;1.488;1.489;1.474;1.516;1.519;1.467;1.502;1.429;1.307;1.262;1.240;1.228;1.210;1.262;1.252; ;1.317;1.445;1.447;1.430;1.442;1.435;1.436;1.455;1.458;1.454;1.452;1.461;1.425;1.463;1.374;1.268;1.246;1.253;1.261;1.257;1.307;1.311; ;1.371
18185 Ventas de Huelma;610;620;640;661;676;693;704;704;704;722;724;715;734;704;663;670;673;648;653;665;675; ;702;332;331;345;352;352;359;367;365;372;379;382;374;388;368;332;334;328;321;327;328;327; ;347;278;289;295;309;324;334;337;339;332;343;342;341;346;336;331;336;345;327;326;337;348; ;355
18149 Villa de Otura;6.917;6.832;6.835;6.783;6.872;6.868;6.910;6.747;6.598;6.423;6.135;5.883;5.632;5.439;5.222;5.090;4.777;4.603;4.306;4.058;3.828; ;3.499;3.478;3.454;3.468;3.442;3.490;3.487;3.504;3.433;3.355;3.293;3.167;3.010;2.869;2.760;2.643;2.557;2.407;2.313;2.150;2.045;1.908; ;1.749;3.439;3.378;3.367;3.341;3.382;3.381;3.406;3.314;3.243;3.130;2.968;2.873;2.763;2.679;2.579;2.533;2.370;2.290;2.156;2.013;1.920; ;1.750
18908 Villamena;950;967;989;1.016;1.063;1.031;1.028;1.052;1.031;1.028;1.034;1.025;1.004;1.010;988;979;999;995;995;1.009;1.010; ;1.013;477;484;493;510;529;517;517;525;522;508;511;502;493;499;484;482;482;474;473;474;474; ;478;473;483;496;506;534;514;511;527;509;520;523;523;511;511;504;497;517;521;522;535;536; ;535
18187 Villanueva de las Torres;585;633;650;661;677;695;700;699;708;733;761;774;778;789;786;829;855;877;903;938;965; ;1.012;310;332;343;350;361;378;384;388;384;402;420;414;418;428;411;434;451;455;470;490;505; ;527;275;301;307;311;316;317;316;311;324;331;341;360;360;361;375;395;404;422;433;448;460; ;485
18188 Villanueva Mesía;2.024;2.013;2.030;2.013;2.045;2.085;2.108;2.137;2.158;2.173;2.158;2.174;2.147;2.127;2.091;2.046;1.995;1.982;1.954;1.933;1.897; ;1.922;997;992;1.004;1.008;1.027;1.055;1.075;1.082;1.093;1.091;1.099;1.111;1.098;1.089;1.070;1.039;1.002;981;963;954;941; ;959;1.027;1.021;1.026;1.005;1.018;1.030;1.033;1.055;1.065;1.082;1.059;1.063;1.049;1.038;1.021;1.007;993;1.001;991;979;956; ;963
18189 Víznar;980;978;995;971;991;982;937;907;845;865;850;797;796;789;768;753;744;744;745;742;743; ;742;509;504;513;499;499;502;485;469;436;447;437;419;427;421;409;402;399;397;398;393;388; ;373;471;474;482;472;492;480;452;438;409;418;413;378;369;368;359;351;345;347;347;349;355; ;369
18192 Zafarraya;2.057;2.052;2.063;2.040;2.023;1.980;2.113;2.167;2.129;2.112;2.152;2.165;2.170;2.200;2.202;2.225;2.230;2.157;2.176;2.194;2.213; ;2.227;1.097;1.083;1.104;1.087;1.086;1.072;1.166;1.199;1.166;1.144;1.172;1.175;1.179;1.210;1.208;1.213;1.204;1.135;1.138;1.139;1.143; ;1.147;960;969;959;953;937;908;947;968;963;968;980;990;991;990;994;1.012;1.026;1.022;1.038;1.055;1.070; ;1.080
18913 Zagra;855;866;882;899;898;900;937;959;961;968;998;1.022;1.054;1.068;1.094;1.089;1.108;1.131;1.151;1.195;1.215; ;1.187;432;440;449;460;455;461;470;479;475;475;492;495;507;521;537;538;550;560;572;594;600; ;583;423;426;433;439;443;439;467;480;486;493;506;527;547;547;557;551;558;571;579;601;615; ;604
18193 Zubia, La;18.995;19.006;18.945;18.675;18.574;18.595;18.375;18.412;18.240;17.803;17.434;16.941;16.450;15.819;15.312;15.017;14.119;13.381;12.850;12.826;12.407; ;11.887;9.374;9.348;9.317;9.160;9.100;9.151;9.056;9.082;9.014;8.810;8.665;8.407;8.140;7.823;7.540;7.414;6.962;6.597;6.317;6.305;6.101; ;5.832;9.621;9.658;9.628;9.515;9.474;9.444;9.319;9.330;9.226;8.993;8.769;8.534;8.310;7.996;7.772;7.603;7.157;6.784;6.533;6.521;6.306; ;6.055
18194 Zújar;2.597;2.612;2.678;2.777;2.825;2.930;2.989;3.018;3.020;2.997;2.954;2.834;2.813;2.746;2.703;2.700;2.691;2.696;2.752;2.831;2.887; ;2.933;1.338;1.347;1.372;1.432;1.455;1.534;1.585;1.596;1.589;1.588;1.583;1.503;1.473;1.418;1.384;1.375;1.364;1.365;1.407;1.439;1.469; ;1.501;1.259;1.265;1.306;1.345;1.370;1.396;1.404;1.422;1.431;1.409;1.371;1.331;1.340;1.328;1.319;1.325;1.327;1.331;1.345;1.392;1.418; ;1.432
;;;;;;;;;;;;;;;;;;;;;;;;;;;;;;;;;;;;;;;;;;;;;;;;;;;;;;;;;;;;;;;;;;;;;
;;;;;;;;;;;;;;;;;;;;;;;;;;;;;;;;;;;;;;;;;;;;;;;;;;;;;;;;;;;;;;;;;;;;;
Notas:;;;;;;;;;;;;;;;;;;;;;;;;;;;;;;;;;;;;;;;;;;;;;;;;;;;;;;;;;;;;;;;;;;;;;
Si en la serie de datos en algún año no existe población es porque a la fecha de referencia no existía el municipio.;;;;;;;;;;;;;;;;;;;;;;;;;;;;;;;;;;;;;;;;;;;;;;;;;;;;;;;;;;;;;;;;;;;;;
No existen cifras a 1 de enero de 1997 porque no se realizó revisión del padrón para ese año;;;;;;;;;;;;;;;;;;;;;;;;;;;;;;;;;;;;;;;;;;;;;;;;;;;;;;;;;;;;;;;;;;;;;
Las cifras de 1996 están referidas a 1 de mayo y  las demás a 1 de enero.;;;;;;;;;;;;;;;;;;;;;;;;;;;;;;;;;;;;;;;;;;;;;;;;;;;;;;;;;;;;;;;;;;;;;
;;;;;;;;;;;;;;;;;;;;;;;;;;;;;;;;;;;;;;;;;;;;;;;;;;;;;;;;;;;;;;;;;;;;;
Fuente: ;;;;;;;;;;;;;;;;;;;;;;;;;;;;;;;;;;;;;;;;;;;;;;;;;;;;;;;;;;;;;;;;;;;;;
;;;;;;;;;;;;;;;;;;;;;;;;;;;;;;;;;;;;;;;;;;;;;;;;;;;;;;;;;;;;;;;;;;;;;
